address,value
0x31b98d14007bdee637298086988a0bbd31184523,73766626.75
0x1464d4e3c815de3028572b850c6c34dfc57e9320,10873758.934068100527
0x15f975952471083794791f0e0c819e6594bc5345,2161000.0
0x10f5d45854e038071485ac9e402308cf80d2d2fe,400000.0
0x9d525e28fe5830ee92d7aa799c4d21590567b595,196966.79999999998836
0x8ced5ad0d8da4ec211c17355ed3dbfec4cf0e5b9,20650.700000000026193
0xd8ea779b8ffc1096ca422d40588c4c0641709890,20000.0
0xa303ddc620aa7d1390baccc8a495508b183fab59,11100.0
0xaed01c776d98303ee080d25a21f0a42d94a86d9c,8139.671952332167166
0x332e43696a505ef45b9319973785f837ce5267b9,4121.0
0x1c277bd41a276f87d3e92bccd50c7364aa2ffc69,3664.8742276121283794
0x4c86aa3751b32644c804bc708c2fd95868c47f77,2865.3034020136419713
0x8b24eb4e6aae906058242d83e51fb077370c4720,2000.0
0xec087478b0bc2f1a18ff01717e381f44b791114a,1000.0
0x0402c3407dcbd476c3d2bbd80d1b375144baf4a2,662.0
0x4532280a66a0c1c709f7e0c40b14b4dea83253c1,644.0
0xa289364347bfc1912ab672425abe593ec01ca56e,501.0
0x3d9d22e1821be3b1ce2a8acb6fe47ffef04243c3,420.0
0xd710ac1f3da2c9f38f5bc38e19cbb0a79fa86095,362.74390433946376788
0x51447ce0a502366658168bf5aaf96f51d22adcee,279.0
0x945294c67752bd0a453975c04e3078c487a858df,202.0
0xfbcaf205d3a0e51a19361e6d31b3d10efd880a27,200.0
0xb0c04e07a301927672a8a7a874db6930576c90b8,200.0
0xae6b19b637fdcb9c5c05238e5279754c39de76a9,200.0
0x2b22914fd1a891a4b11a39b11bd53f0e0434a63a,200.0
0x449c2197f98eb8f297907e7c8cc755acaefc3e86,172.44998099919996548
0xa5f7ef3813411d9b0f3aef9394ba12c0fc09ed9e,155.99979999999999336
0x125a7108ddf0de7e832544104d2e2157ed5c827d,152.99390999999999963
0x455f0ecec99aac87498978ea62f5333b1f90b2dd,150.0
0x5820337a5ee0cd3e17430f588c025e623d1322a3,111.0
0x77a210814d54b9f158e584f9ff1423adbeab02aa,101.492940249629413074
0x0098254eea64d4d33eaaa0f516792642824a5bc6,100.0
0x66d41b198a0ce03392ee75855683d261b5e94961,100.0
0x5444c3377842568e5ccd77df6f8b26c2c2ef3878,100.0
0xb7b93283d523f549a49debec52942bdee258ea17,100.0
0xaf26f7c6bf453e2078f08953e4b28004a2c1e209,100.0
0x1013b00887453d8e87fa868531ad6b9e53cf25a8,68.78957546151504232
0x6f6bda54b8fdd8f391c9713a7d644463331b2648,62.0
0xcc80f11e53b804ce085cd766a9e30f98d6755af0,62.0
0x772bd1786c427c8e08d5cf3d2cdbcc9b408255bc,55.49888840199999862
0x3c31d8391a9064be6e9e972868f9382cdbeb5336,40.0
0x1a40ca0774518d8f7f41df7da070a4aae08184f1,40.0
0x32019dc646f386c4a06c107360854239aefb83ef,40.0
0xb089c8ffeb307300bb8222f3e9bdeed332832022,37.912286273394443015
0x766c94a76f3652b85358da0d5c039635e20c27d7,36.162387601200300935
0x40c65f85072bebf3bd26d405931d6671557ef046,36.14823452678597704
0xc3f6e18b429b6baf1bd31b1e504aee7827c7aab5,35.0
0x90d0e5db0af090ad822220f91d04240316ac8687,34.0
0x13f527cca1f23e682eb86b0e869fb5e90110173d,33.0
0xbb305490d8ec7bed8e21d037ac46a044ee202c1c,31.0
0x86ae453b3e846c5100117414d9c33a2426bce5c5,30.0
0x958bc7f87992791e89a5cfe764ff5541f6329642,30.0
0x6ecbe1db9ef729cbe972c83fb886247691fb6beb,30.0
0x7299192cd862c9c5345cc47a2ef24807436009b0,29.971999999999987097
0x07f6ce414d2e9b8067e53a8aa268e9b78dbb5d9c,26.0
0x4452fb36ba1085e84e2d9d3485ccccc240febf72,24.0
0x05f9527e6dcc1097179117b8d4d17b3c10241e13,24.0
0xad850d65eb5202f828f5f7883bc0b46ac87e64d4,22.0
0x576eb27cbf54518d3de5a38ea7746ef6a9b8b5e6,22.0
0xe46abaf75cfbff815c0b7ffed6f02b0760ea27f1,22.0
0x19ded71a412bf5b0bf1aecc083cffec011661ec8,22.0
0x8ae3a24aca97dc626f3f0cbeaa5f6803224d84ce,22.0
0x96df01052a1061b75a0282e0a51122286b6ea05a,22.0
0x0c628c2e0464d2f56294e7f71cb401c5580ccd80,22.0
0x71fa0ab366674bdbd01b896b70fa854fe25455a6,20.378838489999999695
0xee014609ef9e09776ac5fe00bdbfef57bcdefebb,20.0
0xfa60eb055f6e15468a4da97df8312e10975610c0,20.0
0x5cd0e1f45336f3b51a61ba4570bb27d11d8c4e06,20.0
0xf53e3bd1b891e5cee976dc7c85cb170cb2dfb91d,20.0
0xfb3223f5e8e988529f40ffb7dfd360f68ddc0724,20.0
0xfd99b5306135f3f6e1b5d18e1257875bf540eadd,20.0
0x7c72fe874006d63d8d07711d59adefb930d77e3e,20.0
0x27d8d15cbc94527cadf5ec14b69519ae23288b95,20.0
0x959db0e23993319053d28a5b9a056237a4eb9e8c,20.0
0xe48c866d64cb77fdb773ee4413718885863fd61e,20.0
0x2ec089ce1e47d90f2fd6930f4e5f564b2365a014,20.0
0x18015043c650d3a9c8ccaf7c7229920f89c81ff8,20.0
0x1138f9da5a100222b98bdd236875ecab79fdaf80,20.0
0xe636c7602db909a37e003a4243796a45450df238,20.0
0x34116d30e67a5cb8723bfe649c152b3559fcc9bf,20.0
0x495de456e4dbf47879669bc5bf762aef72ee5eea,20.0
0x79fd5103674e49e35492f085f10c26097cadcbef,20.0
0x4ffe28998e93743f27eae844cd8db904d2045766,20.0
0xe35930326dbd13e6f689548abd287da9706c7a87,20.0
0xcc8eeb91d9e82d5a59d76c8367fac4b1b5d68ecc,20.0
0x2ddef5a127989f7060f72beb6bc19332d39bd61b,20.0
0xece494ee4680f73c8854c4d02ce59482f5a55996,20.0
0x661267cb32292976fc670ea4ab56594e8387a89c,20.0
0x79537ff6869723f4569d9a10e3e6488bebdace85,20.0
0xea8cdf645ddd16f1ebc70d863000b2420f9da32a,20.0
0xc309342fa70f965f9f55323a0d5b921d4033165f,20.0
0x3b2d7025b56185f88edb9a679e790cc7312711ee,20.0
0x094e4b82a5722271546cca99c8c351bd840669ae,20.0
0x39b081e491b2fb519ad89d50ef4b149e54ecbba5,20.0
0xde84fe70df90e89dbf9f23f63350180ca60325a6,20.0
0xbaaa10624e2f8b6ae256a55101e623c7f687214e,20.0
0xace51d7969a1136f6560d81e62348feee150a17e,20.0
0xa6a2ad1320cec227f24f404fccc120b71b41757d,20.0
0x0ab26cac1e16e461afda8b994586fcf551cf3a2c,20.0
0xb0b63db349071e87cb6d4c62ff41435b51e24042,20.0
0x0da87b7cf463465a3dd96d2f392dc7cc7beac3a2,20.0
0x865e996078f20aa1adf96b3aef24fe5bb290edcd,20.0
0xdcd4e3be15b865c6f74a8472fb2a34da9a660690,20.0
0x28d27987124a362f84eebb512c6df333d39eb31a,20.0
0x5d33a3aff0acd3982ce4fe4e2d4f2bc882ef085d,20.0
0xaad8fdcdf5f6943bb890149b59d5c208c8e42b2e,20.0
0xf39d9e93e2f3fd9850572daff7cd6fba428ebf75,20.0
0x5ab8afed2f54d66ee38ebe2a4a78dc954e684e4e,20.0
0x6a765f761588e00c6a1b2b4e5bab33c55e9c239a,20.0
0x16848012c9c71425d99de2c0810368a9a072ea90,20.0
0x9267821374562fda4ac8d29ffc3a0d465abe005a,20.0
0xf8c2b29111f28310e2c1612fd3e14f4cd086c0fa,20.0
0xa8ff7b164185b11dae5d3c999d49449cfc637e45,20.0
0x19a67cfefe8585f1eb176208d63528ac441e28d0,20.0
0x27ee28301f455ad1532f78d3c075dd826f872176,20.0
0xe86e209a948de56521a68ac72718189ded709783,20.0
0x8946bd7157963371d11bc00ceedaaa6db74f8896,20.0
0xc79aedf1e551100f8f21fb4cc2aa6ef65ef86aec,20.0
0x49465706b35819120af3b51234ed308c7109ea02,20.0
0x1979f9a751cb24d1c00fe1b1ab58aeb5288314ec,20.0
0x50dbe146b74a1c1dc3055578c7ed3d3295a9ae47,20.0
0xe5daf1931ce6fe6d360245203f0699fa85d5e22f,20.0
0xe2571025fbfd48239ca8503d425cb6a0174fa823,20.0
0x55bf3a1dce7a8168bd4266a574a5087891a2b353,20.0
0x07afc8f81fdd6ef02c116cccf116cfd5864800ac,20.0
0xdec0ded0606b7d0560adebd6c3a919a671db4d66,20.0
0xcf7e5d2bbe28d27baf5e26e53135bb01e2fd5515,20.0
0x7180962223e540206e8b8d8e3c9abc063979e9b8,20.0
0x25ba6badee1ba37df41d2cd23b45649ee7bb9c93,20.0
0x19818f44faf5a217f619aff0fd487cb2a55cca65,20.0
0xc0c2429b8008b35ded73b53aca235c1d5591c412,20.0
0x9068bb0388bce6698c488163552cb84e9184b5f1,20.0
0x2bf034eccebc8cd60dab9c249b6c2996dcb7d8ec,20.0
0x5a337a6b52b1428905061c91de10381a856e0b2d,19.758774209999998561
0x003bbce1eac59b406dd0e143e856542df3659075,19.0
0x5da1baa3af1c3738447f2b9c460e0da0781dfc51,18.100000000000001421
0xbbf9e502b8a867866044056b164e7453b1134f43,16.0
0x4d6bb4ed029b33cf25d0810b029bd8b1a6bcab7b,14.0
0xd3b9d7766eb92826ec6e7e1c883890e5ba4420d0,13.0
0x76fee48fb3aa75cf1475dd9b1552c88fdd00ad4a,13.0
0xc44f52890326fa9e176184f7bf00bbcca005e01e,12.0
0xd04fa999c117344374ea4ded16016d0390b5baac,11.5
0x2ae4227cc174dc0e115dcd9d2640908b4ebefea2,11.0
0x283b400e744601e48341329c71c6b8bee780c5bd,11.0
0x4dc439a86ea0d96be05086f4484aa89a5b1b56ca,11.0
0x50dd26e658a51ecf05d97bbdf77794585cfce975,11.0
0x5b83e673afa8e540ff90a405c641a2dd76da0917,11.0
0x185df1c6f11bbed46298005884973858a635c171,10.033905545930148051
0xf59be01d4ab24948c6cf80ff2cda354e76ebcade,10.0
0xaa13838ed16c2e7fb3e78b48a4122b03bd947561,10.0
0x8f7e7690f864e3f4e24e65fb1932b405e7bc93a2,10.0
0x2289bc372bc6a46dd3ebc070fc5b7b7a49597a4e,10.0
0xdec87bd36d5e110110705a998ae44a6c33c3ef8d,10.0
0xbf1e53e11becee1bdaf5161e3377a7bd8daeddab,10.0
0xf521bb7437bec77b0b15286dc3f49a87b9946773,10.0
0x1eb818e82f1b93e9521a3aed0217e0acf756a7c3,10.0
0xc400576d174ac70978e7cdc6fe5f01c6e4b3b57a,10.0
0xc53261a120d8975cd5a99ff8490cddda2ca40eb8,10.0
0x91e0c905c53f04d46a983febb6e201b43d2d60f8,10.0
0x4c9d4a1310639da40bd47b68553ed6eb366db22c,10.0
0x195dbd08ba3464680761b01d64961d1fcb2b35a4,10.0
0xfa7fbdb400cff62f49ae958f7126a6db3512b69b,10.0
0x67d47a8812159777711e7334f6d578a3f77180b8,10.0
0x6a42f14b414db2f4f2878610e7b1f9502ba6a226,10.0
0xc937ca607844967a6a728ae0e57c9a56d8e03342,10.0
0x62abdcea7890379d6cbe3ec64cf361f75110ca98,10.0
0x757a9d479f15ecd09f18d06b6131306da4ed2def,10.0
0xe8c47d0b88789980e96c2d5654d87cc022871cb9,10.0
0x2167cc07d21a88815c1f2dc6a464febabefe1748,10.0
0x8c536467986fd5c64851cfd19d3704d49f6286dd,10.0
0x7b5e58994020fc30836d8506bcd8739385fb5f38,10.0
0xb99de8d636be333ec5c8ce1476e9b6fe7877f02a,10.0
0x9e73b94d8696ec05fb108a58850601f9a9d4c21a,10.0
0xacf12f2f732c09b95e39cf8f7d15bf1ca264b086,10.0
0x1e3113416755d65ad987406c1a9dc32d00e49720,10.0
0x6b538d1619fbdf9bbd471d5737ed23ad092d6b8e,9.999936999999663456
0xd564884df99fe462fc8758320309a802895dd426,9.999914114895940287
0x36f4bfc9f49dc5d4b2d10c4a48a6b30128bd79bc,8.270000100000000742
0xf39a995701d36868bca9890f129cb2fecc4d6c1a,8.0
0xc5e6fb214849d251e947a0fc057c6e26501c0d69,8.0
0xebe0fd4bc95487f192f391fb4a354cef055f17ab,8.0
0xa2e06f2bef43c031d64f05f02c288acaf3b3c15f,8.0
0x6a01dd8e6384fe7835cb5cf124201bbd8a670056,8.0
0xbf5d408dfbbabf3d106bdfee5f5e50a5828f1845,8.0
0x56664d28293d4ed210fb62dce54320db29078bb7,7.0
0xf280f5e6604bb22c04a89cd48d2631004e37576c,6.9458034947213551646
0xfcf7a2794d066110162addce3085dfd6221d4ddd,6.9009958889999998277
0xee8e5b5301771d956d419ba2650d11860f85380b,6.049958000000000169
0xfaec6882aaec921954f7fedddcfb9ba7fb9e56f7,6.0
0xc992d78e7fae809e4fbf301a58859f41c5614525,6.0
0x7c74f84ab9d211b0ad306fd793c593b744135c49,6.0
0x1f0b6a3ac984b4c990d8ce867103e9c384629747,6.0
0x1e0700ba0777c49e9ecbafe8cbbf05f3ae3dae2e,6.0
0x7d6edd49b8a2ab134ef7e13e7ba75df22f297bef,6.0
0x84f941374b8b6681290c1586c76c1f47b4cbffce,5.995421999999999585
0xe8e1874958cecc8c4f45149cc3ecdfa83785a930,5.5041687681584550162
0xc2c5d21bdc76025397ed097854261bf4010eed73,5.4182989584119889415
0xeaf5d1431f7200dcf8cec36b7c8c80464416b269,5.009895000000000209
0xf39fd6e51aad88f6f4ce6ab8827279cfffb92266,5.000000000000000888
0xc3967f8a391ecd112f64a313aefcfca95370362c,5.0
0x951533e146f901e82e06e1eece75aefdaa1f61fd,5.0
0x81b04e91dce6fd5d3446a466f8643786d7b817be,5.0
0x8b02e9fd89361166374a339009d495f69ba37d66,5.0
0x506fc089c8a6b280e8a5ceec33070866ecc72a95,5.0
0xf0b45bcf509ea28aaabe0e05f52754fe800ee6ba,4.9999789999986976596
0xf949ced1c4123812fb3a7a6e37e321259964681e,4.9999684999997899837
0x93b8a02d050daae01121002771135af6438ee099,4.999968499999726923
0x0d4e1522f362b32718cc5a300a3c55955981f8e0,4.999348961663912405
0x7e4165a095ba12e45365d5b314dfa67132fc8f3a,4.998999999999999666
0xa8d352363a66a5b38b3613c44bef28633196dcc3,4.9967870000000003117
0x5821a918b3de2c46ea4c1534818db638dbfe4fbb,4.9000000000000003553
0x3b504abb19fb3aaa89cbd5c921c96853634b1486,4.0
0x979a459bd32b550320bcf08173303fa95a104115,4.0
0x2344bd69d8e10ceeb80675e300ff384c54277910,4.0
0xb28ac17023bf5fb99e0d38be0247b6613c92dce6,4.0
0x329c21c7ce361902f56929a9eff350f29a95ea7f,4.0
0x4c439c83955df85ccc13cd5abe09dad86f8fd34a,4.0
0x7e95ec9188cd4895d2ae9e671dfc7901278a8bbe,4.0
0x95298790beb442f204e3864c5bd4073905185108,4.0
0x3490924a756ffe5a4dcb9f9badf1b81a4183b0bc,4.0
0x4a76b9ac78a621a8feaafddc68d7c9b2ce2866c5,4.0
0x88df4d4240d4f388a88d9edc1dbc7d0154b996cf,4.0
0x1be79610b81df611526351968c2dbb81dc8d36dd,4.0
0xdffe84e1a5b08426018d1195a4ebb0ec1b7f7f2f,4.0
0xf0cee291a39c8963f8f3e6cf9e4a962a2d615d32,4.0
0x1ea692e68a7765de26fc03a6d74ee5b56a7e2b4d,4.0
0x02f567704cc6569127e18e3d00d2c85bcbfa6f0a,4.0
0x40d754097a3fd22adffa72d9936c2d82865f535f,4.0
0xadd9a7c1b516060b212f98e699b2779e961f4ec5,4.0
0x1b4eb02ad7d7c860a1e8c74b1dacf4153c03410d,4.0
0xc4a30458b226630d3fa9961c24974f4e6b043afe,4.0
0x7681ed0bbbcd36b55d98d911f97ccc0ad2eb2174,4.0
0xe6aa37f74c0394b26da3e33c5063e3928b64a6c8,3.9998431599998531816
0x22fe0b32f50f0ab292aec9485b1d31e2222a709b,3.0
0x117c89850b3ee64606785ddf2e00182ac79467ae,3.0
0x0ec215d2621b3a6934b7c14f526ef09038596c14,3.0
0xf233538a90b53c53bada8330ea54b745c8e4675a,3.0
0x6cd032468fb278941582566a5dfc5cc6a7a09a82,3.0
0xb33153402005a4b085c2fb5c1a50ed5aad7039c4,3.0
0x8cd21f51f35cbd4f50f488d93376a3837a16d45b,3.0
0xef83a287ded45962997584174ddb2c68dc215e3b,3.0
0x353807396aa42b7fea5a98d1da7cebcdd6e0406a,3.0
0xa1e872d4e51c6f149e75f8e3a7fb7bb578383500,3.0
0x1711d5f72f729327644322aa948a83ca8166f67b,3.0
0x932ecf971e8d3e9a73162a2202b6843397b366a7,2.999968499999726923
0x71fd9ffbe09b410abbebd3a3852ce01452d0bd75,2.7999999999999998224
0x02c4c2621489aac8de69b27087ec6ecbba3a2df0,2.7856740000000002055
0x8f15dc48b16a59de56739fd9c28ad93d841a61db,2.6400000000000001243
0x12c80cdb991f714260ddbd51de5e4d6e2d18c536,2.2000000000000001776
0x0bc19e6200453499dee7918317d1482b878e2ebc,2.0390199999999998326
0xe43e1f70ab34b19a7e0abf85300d285b0a1d296f,2.0200000000000000178
0xb8b4ee5b1b693971eb60bda15211570df2db228a,2.0167399999999999771
0x780404199843a8d5b15fc974f87c555b206c0adb,2.0000002000000001168
0x955ae2630cb690258b3acbe509eba801e536c2da,2.0
0x407991d8941ffb12378bc6b1659eae1b1ce56963,2.0
0x84026d24e405829b4e0b10d1b95feb19f0eef641,2.0
0x95503f0f50736dbbb9c2c8cebd0c3a42d3ce49c3,2.0
0x34da0b5521a8ff3747d954ff1f2adb74d01a4442,2.0
0x9415c5bfe12822c6ab604982d6d64073cbdba325,2.0
0xddfbdc26de5a22cdbc50a97cd9633b5ddd58480f,2.0
0x16dc29e84a34d8038014f544c4848250abc3173c,2.0
0xb68af0c3096cacd157af987362273e99d99e9e44,2.0
0xee02075d3a36640e069c54184acb898f17f5b78b,2.0
0x2d9e673d1cc5b2618025f43659788fdfcf8d9931,2.0
0x2b0ca90c38c817eae09ce5b6cb79fa779fe78429,2.0
0x674c7770f010e851e9306468f1be515c2ba4f585,2.0
0x025e1802f064880e8334b51e9022b30d166309c9,2.0
0x1336de4771b7d6b6e98d4ec8c8fbfc69d5a91bf0,2.0
0x9741895706b713afadea97ec44daad8631d90db5,2.0
0xc69ec94f3dce57b622d790e773899bc1d11a8074,2.0
0xbf1e063622c191024b5177a24d11fa1c85ebc9f7,2.0
0xfef01c189875bd5c6909d096c19eb2e4894250fb,2.0
0xeac663b3bf50b709bba8257adb2a70952106c972,2.0
0xd043a39e1d158e0d42c0a33eceb46841d9fab78e,2.0
0xdfdab89d7057986381413be484e84264fd2f5a4c,2.0
0xc086bf540d8ba68519fc0b1173cfebda48df6dc9,2.0
0xe70adf9ae4d5f68e80a8e2c5ea3b916dd49c6d87,2.0
0x70c73ca8010fb4074a598ddadf90f23c69340379,2.0
0x12fe20de6b441f18ba9a3c9a7a78c9bd16723e8d,2.0
0x2331d854767aee97d1540edc118f4a573581d316,2.0
0x105f0a4961c8f69cb4f8cfd2ae69954021f66dfe,2.0
0xcf872cce3e3a3306150ea67b1ecc941434b3746a,2.0
0x09a6ce307f4682685e262fa9173fe3575bbf5e14,2.0
0x0f13887ebc9d8c890dc6bff21657c2bc40a035b1,2.0
0xd4b2a30e0761b7d9b87c83ae4da225e43422bf4c,2.0
0x8df5abb9d98ef93583492bd671f1553fe46e6dd9,2.0
0x2d451f896ce604b5c36471b602ca2756629495da,2.0
0xa5fd2b74325d5f295b2fa0975b6d1c91799daa22,2.0
0x4b9e5e7a26a08cf265f52cbb56597fc01f85d235,2.0
0xb94ae6c3b7a93689b2eed7dbd588ec94eaf83df5,2.0
0x751523b784cac8d56da8665ac2a1916ee0c8b31e,2.0
0xe447e54473c4233ca5ca19afd675496200cece2d,2.0
0xabc04058e20c9cba4f360244648fedf30cebc3b4,2.0
0x29e13187f7fa53b125743cabd9e24c2888f10df7,2.0
0x4f00aaf040b47fb5c98b87ea2fec25c55161a850,2.0
0xb00b1358a98b072ca02b77abab115bf5c889d478,2.0
0xfde02e5a8ef218d2c5ddf1d0ee09ef75d4ed2c3b,2.0
0xa25e5570236ef660d61c195d60e4b1a759f77708,2.0
0x08a1f1102a50d275bd86883bbbce03239073dd9e,2.0
0x7339646beebffaf7c5726f3a78a8da95db7431ce,2.0
0xb92db0064343703935710dec5b75a33d9696021a,2.0
0xe7ce2bb1e1fc77f4f654885f6b2496beb19ed093,2.0
0xbdcc124f3e7d39f015333c6e610726786287642a,2.0
0xf8cd77cbbe5571cd6ab01ac5bd04fdaab78bb879,2.0
0xb1f72d694711fce55c62ea97bd3739ff11cef986,2.0
0x0ccd20525fafa4d2970dfa6a39b9208d65a1be4c,2.0
0x8aab35a213615187e0fee272a34c742dc20e4ef7,2.0
0x5a7a2e1a15e3a594303d88e0ac3ba57961893202,2.0
0x10982357ee4ec6f67205840a4858db34dbb86e40,2.0
0xfddc3034e0fa83b78704417430617e3a7b6cbb10,2.0
0xf94a3934455fcb0c9e4cc54aa657d7dab212b32a,2.0
0x6ff1b75b6a539832a873ca3887eae966d3a2bd3a,2.0
0xb51b48008453213c78f9a3e65985776ee17cca65,2.0
0x11405688ac73e54d5dc7a05e59da6308b3d83115,2.0
0xde2f85cbb5000c186684227429499fe5aa8b4e6d,2.0
0xe095d1a7ed1a1173d69d7bd724b2b7c6c81b0e4b,2.0
0x4d53e54ecdc51b970b8cab9bb4948a2a0d640d13,2.0
0x1374528109edd54ecc2db6f4ec29a2f520463499,2.0
0x280ec52a0515f644610a0402977e96aa5206be55,2.0
0x08a9f872902d7b78b96b20f57309912abeb538f6,2.0
0x6abc387fde91be554af8bb4b05a21269f9d603d6,2.0
0x97ab134da838215d7a81c522a0c114ed0b62cfab,2.0
0x13e7b24d0234fcce9868af7fdc49b4b87b133e2e,2.0
0x695befe7a644627d01335d4f2ec8f5b3da502d70,2.0
0xae8abe864f59c4b1c75c9547d9e395feb5e23815,2.0
0x0a706762ebeee195bc47ffad74386144607fc478,2.0
0x571836bc0103d355c879064612eee9c5941041fd,2.0
0x7939d6011e854da49b74667c8574563f7e0956e8,2.0
0x2373d26cfedd1c67ee7907d5f9d13784156c8ea0,2.0
0x48f46118b25176bf062aa3ead51aaa0aa3327c98,2.0
0x5c631bb57a3b30746846979f84a3412aaa200852,2.0
0xbaf2f9426521c8b4e955dc9e8f888095dd1322b5,2.0
0x940bdb15a2f5b22dc49619d9520c0a9111158c7e,2.0
0x78dc5d2d739606d31509c31d654056a45185ecb6,2.0
0xe36ea790bc9d7ab70c55260c66d52b1eca985f84,2.0
0xf7922478a472ad1e8e582f4a08a3bd92dd7f2580,2.0
0x5409ed021d9299bf6814279a6a1411a7e866a631,2.0
0x2fe4cc3d888d345d5c876b5a5bed45c76fe5acfb,2.0
0x88fed84dbabd43b7336042beae1eed9a78463a8e,2.0
0x4e988318174ee94a996fd2cdb497d7f9b5d72be7,2.0
0xc1c12b694095fddb4d580b5a8f73ffcb2e760a79,2.0
0x7f5f6f1c6a2cc63b651024731d29071d33d12bcd,2.0
0x1997c739b3831c8bf8146e61724a70f622efd484,2.0
0x5bb4cb89e4e92767f7a75c884132523d5a2a69bb,2.0
0x78dfb2660408a854ed5bce8401bf83dcffd91ff4,2.0
0xc4562cc93890ec12aa59831b5ce0330a3926cc3d,2.0
0xf0af5a457444cf73f0b9068849d67279e3ca2026,2.0
0x82df11beb942beeed58d466fcb0f0791365c7684,2.0
0x3f080550beaa6e2b386cb807555f9af81cd3c929,2.0
0x381a17eb78501498fa183c81648b4165826e1af7,2.0
0x7fc718f644f17594e26169e21d9415995ad29ba1,2.0
0xdd64e929e1f31287707cd2e5578960c595614629,2.0
0xbd2e717c896dceaa608439f85bf51077beebaec9,2.0
0xa07456d9bdd695f8c65689a2f93ce1d6f728e3c4,2.0
0x2ba066f15fda1b780447a4bc116beb5df3c2b901,2.0
0xc53fee6ce7f9a25fa131dfbea17db863a6ae3e76,2.0
0xa13bd13752bfc0c59a78af20f6a6a2b24c4396cb,2.0
0x4cc4fe541223d3acae99c9afaaa7f36c7584b11e,2.0
0xe542c5837cd588f87f0c1e66244b60f6753fbfa1,2.0
0xa8dda8d7f5310e4a9e24f8eba77e091ac264f872,2.0
0x35e166b4b4d2bbdedc3509c7d60bcdd717cde124,2.0
0xaaf489db9fe92febb145049c8af7244d2f83f0fa,2.0
0x6b8707271ab9b2cd2cde5519e48e1f9afb84fe7b,2.0
0x9a9db6f0dcd8d78208bf1727a15b2a4efda13d05,2.0
0xe838b9f35692c09500db96a32d7faaa64f5ddee2,2.0
0xd8f24d419153e5d03d614c5155f900f4b5c8a65c,2.0
0xc5a0c5de2e9e3427034f41aaa6c85093db42525d,2.0
0xfd97c2f83dec26621b1d0eeb33be87bf712f832d,2.0
0x533d3d9e74bdc23db8d6005c1db26c58ddeba294,2.0
0xc115db10d2b9a15b0ce5515a1affb6c6e8d41b4a,2.0
0x9db8dcacb6dd39d23ee6521fa921419e4ce0ba4d,2.0
0x00d18ca9782be1caef611017c2fbc1a39779a57c,2.0
0x54fd7b8d7b0dc0207047a5e95f91e524772c437d,2.0
0x95e683e748b317bc6bd0c13120156e5e3d87944d,2.0
0x3fcd22ce2564b55016fb62149ee3a22ee20ecb97,2.0
0xb92587d49eb9503a3538bad95727fbca255b7d38,2.0
0x055b69052bb034ef2e881ad6b68a7e1f784abbdc,2.0
0x5c852108e5cbd89e05e893cb2b2a799361d91d8a,2.0
0xc7b1420a198797b5ce229e4903c64118300199c9,2.0
0x4d7b5a7b1f3cf6d4e431a711ecae3e65856df9c9,2.0
0x8a2fd1489abae4e80a62dbc5267965e173dd90e0,2.0
0x45aa3752e6ae9d4c1c4c45b9e4516e1bf3ac7ad0,2.0
0xf6fe0e3c406b9ea5cca58a6649aeb32c60322ee4,2.0
0x19bf41f7eba09193bb0602b50bf17c0b37eb6226,2.0
0x21eb14be414edc32a819525c231c3ee97dc811f8,2.0
0x3eb496ccde577a51e60252bb7fcd15bc0e1c9c49,2.0
0xc20d7dc5e3d6ce150818d3563f47e729168775b1,2.0
0x915f86d27e4e4a58e93e59459119faaf610b5be1,2.0
0xbc1adff2eac8dba22d382dfaddf7e6b73abc2334,2.0
0xc17b0dda13d77f9dac2e8ef67b71b3142418c2c4,2.0
0x9bcca813872f01cbba01c0fe34b452bda4885371,2.0
0x2550732cc41f54ce8fdf334a4153cdd1c6080fb0,2.0
0xc597206d9a81dfa5afbb9759f99d0d699dfa7ed0,2.0
0x56032d341b1ca2c16e8a03197f2fdd4fbf625f7f,2.0
0x943e03ab9d73eb8503eb30ad92e38b387e496a40,2.0
0x9ab0630ac452e2b103f33757f692e9e5934ad6e9,2.0
0x08e0f0de1e81051826464043e7ae513457b27a86,2.0
0x581fbf728453c249c882d98b40072ef0b1106b31,2.0
0xd58daaba7b2fdd6c8274514fc5e2672a077c3037,2.0
0xcd0a280762813fb96c9ba466ca31417af610e760,2.0
0x01288648c6cab66259f74d36106252a7fb79a891,2.0
0xe54cd423fce46b6fd8742aa81e5e8cff65786345,2.0
0xb03937398fe33a742cda69c9e9f502b7bf876ea2,2.0
0x627306090abab3a6e1400e9345bc60c78a8bef57,2.0
0xa7c45368a11bf99a234152faa71a2fe60ee0345f,2.0
0x11b1785d9ac81480c03210e89f1508c8c115888e,2.0
0xb2d36df56f0009cfedacc809feab744c8af8c2a4,2.0
0xa296fca5152471a8df942e43ce2571c31d9b22ed,2.0
0x444ff3fd1f0cdae791c2ef5990cfe5f5e3229052,2.0
0xdf9293a5d715619ff6bc99965f6855034b708941,2.0
0x13008b4c84ef24c9d16447400c82cdc4bf8e11d9,2.0
0xd3d353a69c15f0a94e98009ad79d628dd008571c,2.0
0x8387a9f497353af8a54269824f2272195c3c2a0f,2.0
0xf17f52151ebef6c7334fad080c5704d77216b732,2.0
0xc64c3cf15c73bcbabb1887fd701a2d6d225391e1,2.0
0x90f8bf6a479f320ead074411a4b0e7944ea8c9c1,2.0
0x274699d87dc9eb9e408dd9448c5ef4ca19cb2aa1,2.0
0xdd64cf2aa3207a9b0ada9b2e8ed497d8d5c6078c,2.0
0xb30361cbbbb1d7c0114c625b8ee83ee0f2ddb4ea,2.0
0x6b66ae38ef96f2c34a1e4dd806e8d044a2dd7aa6,2.0
0x7baabe63695cb7bf84ec7bac05c44b75a2e1e5d3,2.0
0x985705b1a8013562f66d8018699182556340c509,2.0
0x6ebe414af4738afe6e02ee93c52650f29729e45f,2.0
0x31815cae863146660fe0d193a0db693ef5f847e2,2.0
0xa22f1ac02b5fc04f2e355c30aebfd82a7465b250,2.0
0x2918390d2dc474ca83b83401d3f3745adb72f908,2.0
0x2f58664727d802b11a6ab368a866ff39b92aad5f,2.0
0x689776916374f7a7d1b7517992029cccfff55d0e,2.0
0x9cc44651e844a777631ab77d8b7b82f47deda248,2.0
0x00924546c18bbab632acc761a1b345b30d41dd74,2.0
0xc42ec859e58d58ae025be9cd144da1fa80d61266,2.0
0xe450fa53aa3b94a854a2df4eba97078ac7b0ac35,2.0
0x2bc605a8285f091a3e376e2836a5da5288219c88,2.0
0xd2d24320615e377db93a23d53290f9c3ac9545f4,2.0
0x66ea79fe5954ec316dfa3a7694411570de9e46b3,2.0
0x9bcbe4af33c43e12c82d2fcd77df6af7f82174a2,2.0
0x7391b7b04d5beb9f4712a4f265350f149afb9c81,2.0
0x50414ac6431279824df9968855181474c919a94b,2.0
0x4e837f712a15da7bd5e3ab0f83cb035bcab1826d,2.0
0xd9ff1f43c2ebee45cef21c6145196659b9d0fc52,2.0
0x56a07dc70a4e2f5199b3483592eef3e840763455,2.0
0xdd9c268aa9e38d840a17fb12960882956b5aa881,2.0
0xd4713a489194eee0ccad316a0a6ec2322290b4f9,2.0
0xf96e2a3a54dfa767cd9dbe330259ed53d53b0eba,2.0
0xb33b10eb62921285c840defb15241fca734f81c4,2.0
0xd0ec1b303ba6a1cd23224b6d2f6946696379174d,2.0
0x46034982a68691df572c8baa5cd8028c27ff6a80,2.0
0xb0d4d4e805844ca8e3e108c4bdd2febba8e9b963,2.0
0xa9d4b22532fe64cfa4c158d223f91390c49653af,2.0
0x610ae88399fc1687fa7530aac28ec2539c7d6d63,2.0
0x86abd9bb8c580729062af9fcee60227c4a276391,2.0
0x30c4adc1ae99c88510d0da09d7ff78604dc9cede,2.0
0x1d8258a8dab9f00a934568cfef59d955d0bb8dbe,2.0
0x871a1a1eeb2a2d71aed471c94990b498fae1016b,2.0
0x806c57edcf27b5b74b93fb2e6300a0c2dce4cdc4,2.0
0x351ebf35cc555490bd28d751bf6d54358773334d,2.0
0x4f54b9d976ca66523b1c0fb7fcefb612abb35632,2.0
0x7adb32c60b41f3d397d932b7861ca9add5f08ac0,2.0
0xc44f6649691db256f32b16783b85e08995a47096,2.0
0x86f7c14a3563f0b2fe8fd55efd39755053a1e414,2.0
0xca875733d8030849fde3e63b2b4cdb40c96bc10d,2.0
0xeaeddf69b3938005fb838a8eb7e3a2864f8bd735,2.0
0x27d8dab640f87897d61d491aa7f763c97c1d7d37,2.0
0xf0ce556f0ec267bf4dac78ea5567d6d0305e361b,2.0
0xf0c0de07ad331d7fe46ab15c7a6f2859152a780d,2.0
0xf432dbea3fe8fb6903d928e9080f82b36a841c4e,2.0
0x8d629fffdfed25bd7bf1070961b57f6cc36ef55f,2.0
0x29fe081cb8192f4c5e1324abb47eb82334cba644,2.0
0x2e12e08c81409901da7a812a689f20169c0021f4,2.0
0xdd23768a75918202da9db62e58a2764b06835bc6,1.9722797473688915559
0x626b046b0ce356f248b215b01b459f8b8d59e1a4,1.9648155500350910074
0x9e8e689a42f72c7d63920e127a0a3f02221485c5,1.4499999999999999556
0x4ccc2acdd43811ce928cef7371fc95daf7418631,1.1999999999999999556
0xaed05fef382c16bcf97655deda92544ff5499834,1.1999999999999999556
0x14fb85dc0261760b623b2b0960c1296adc037083,1.0054000000000000714
0x9e9a9d8f7bf40fca7f49f4df69597f98f1c8636a,1.0010201371874445364
0x19627796b318e27c333530ad67c464cfc37596ec,1.0
0x69b99f3a290c65d5cf42d888235de0b27964d8d7,1.0
0x7b07f01602b6411bdaee69251f0ce27484cc4d41,1.0
0x7116a9e7b3e28ead2093d64d83dd75780a3121b8,1.0
0x50089b6ce06bbe9f144f1787e992e8ba077780bd,1.0
0x227e5b0c495f00d6d11d746dc397bec7503117b8,1.0
0xf978d43f1dcb6fcae967a24b1a6fff943d470bfa,1.0
0x639f593a1c23d372cfcd6ac32b8bbc01681d5aa0,1.0
0x12c15fafa41d6d427f7d89a68b3d69bf94b9fe6a,1.0
0xe50f9ccf46d06eb2cc3cabbcb83cf6aedbefffc2,1.0
0x3951cf216f306266ad4ae752ae05bc1c7545a31c,1.0
0xc1ba8add2aa015b3ca46adf8e5ca59e05291669f,1.0
0xeb3cde2bac6d696ae3707b31bedd1ee2cff7b1ac,1.0
0x1463a2a5e5e524790d63f27bd136e61210224692,1.0
0xada6d126e8e4819148be6c9680018242aab179a0,1.0
0x0ed6cec17f860fb54e21d154b49daefd9ca04106,1.0
0x5260f16180e6c7463b59a33d6a98f1a752ada305,1.0
0x57794d0d159daa2629639ce03ff660f3730a7065,1.0
0xe23a7cd99d429d519ce1d8fa84ba114625be8987,1.0
0x687422eea2cb73b5d3e242ba5456b782919afc85,1.0
0x292b08ad439864874cc7e166cd2c2fb9a28cb635,1.0
0xbb409d4af0fd68a53064f5157c68172384924155,1.0
0x4b21c8c23b27f41c751fe3d9e3fdf3c6a18449c4,1.0
0xad8259dd80da823e9aa8ef960f67d464aa58308c,1.0
0x2a1d6b4e7fa917fee48b72a72023071edfbe46bd,1.0
0x1ccc21a91acb97520268f5140fb0c30c696d15f9,1.0
0xaced206ac01cb8888aaa3ccab06ce002ecc65ad4,1.0
0xbd57781abde99d4b58f3824c99b7db8316326784,1.0
0xb90b32fb1053b11886050c3314ddb3ce1603e871,1.0
0xc3ab2c2eb604f159c842d9cadabba2d6254c43d5,1.0
0xfa61df4aa1a50eedcc241d023505e859412de245,1.0
0xded284b5c60ffc7bdbe707a10de301d566eca86d,1.0
0x9f12affbe0dc15127e531e68d2f0e4f136ee6419,1.0
0x833cacbbacb375da5c61722bc512ecea55967d61,1.0
0xe0f1a6494ee81864a2bb84e31d7f252342b90476,1.0
0x53c63bf0f8965c0d161e9077adb797e57200a708,1.0
0x996bb7c95fe21e99cf791df2a7873b7bea536f85,1.0
0xad344e271ff2702e005e19c7305e9222a9a82316,1.0
0x6f4b751ccb1d3bb498e86f0373c29f6158b8e1d2,1.0
0x83bf281b0bc3ae25459c506db7810011af70ba47,1.0
0xd3cbba44eade86b15f288116181fca650d6bd53f,1.0
0x044504d5b1e4a2fe9822f290cfb836c82db1995a,1.0
0x4fab4c803407bb636055090c522a68ecec2dcef2,1.0
0xf474101c30c87501fd4af18349b7faa71a40c271,1.0
0x7711d27205bd0328a54dff9221bb4cdef2096a4c,1.0
0xd17fc86bc9d50872df4d2b10d8855e1965a6baca,1.0
0x7fc263cf5d54dd8be0284a4ea932d1a9292032ee,1.0
0xcf37545d39d62ec600a8869eaab941b089e81db5,1.0
0x3a94d94dfffd02c186a94a2691d0f35e143de6df,1.0
0xfb0588c68608b668e0b85a86eec220cdc12491fb,1.0
0xf217402efa536ac01b75bac59be0a393c808a932,1.0
0xb9a1aa3a87f65a713ae2df3707ef87ccf90dbf5f,1.0
0x568820334111ba2a37611f9ad70bd074295d44c5,1.0
0x00b7c84dbbd871a8eb209138174d1ef378f015a0,1.0
0x967733bcc6a86e0a44d0d2ab882dc5f4c59d0dd7,1.0
0x034d2ff8980a6d06522082316726065ed246c910,1.0
0xff51a384ca435fac4238da8d1f0afc6e5390fccd,1.0
0xa2b53c436cb5ac7ed1f3582977f894f1e7f7491b,1.0
0xff05e202b4dd366b9732778f726f60d024ec5e58,1.0
0xa7cab4796068c5b5a2134cbd823648137023a639,1.0
0x5614cb790f1f88e74206693574472514536d2c7f,1.0
0x94559ae6e944c59f4f72ad458d294706e3bb83d2,1.0
0x2eb46561f11f1f1ff2daec1d9d256149022a3a53,1.0
0x9253021f92b43b9a1d6d9bd850ed5e0388220655,1.0
0x26731ec4c92db43bcc6082c0cece412c87b7d080,1.0
0xfab766d8e061a6d12f8ca72cf4eba6e75ce23d76,1.0
0x021389a7784176d43a0ba233150cbd2b1f8f5c3d,1.0
0xaf1298e387d6afc9bb2120343ab2358c7a3f7282,1.0
0x917b2c81ea107bec5bb5e829bc3d1331ab452db6,1.0
0x4e4aaed3d0ad7624a659348461ccbebf06230270,1.0
0x868ef12792981e04a483000a3754b90abd5b1923,1.0
0xa8b7d97570c34068efac4ec51deddd4c16602ae8,1.0
0xb84bff102514228bdfae2c9a12c22f497e8c6d23,1.0
0xa06ee65841d1dfb80cf1c93d724801819413b44c,1.0
0x3c7838665ff8215c95500e1a6306e19e146674a0,1.0
0xa5da348d347bba82ea45cc6278f27e3c60193f71,1.0
0x70b667fe217da2915d1aaf50e169c33293f3b907,1.0
0x88a94a7ffc5cc48613ee1024181dd544dc603914,1.0
0xda3605d79bc9e6ddef9bc8166c922cf7fd7c01a0,1.0
0x7777a3bd708ba5b05a60ebd8937ba1ee1bf27777,1.0
0x59c37e94da9747052d4c051d1832bab10d4af2b5,1.0
0xd71f12fb050751ea24898455d447e51aee489bce,1.0
0xecdb41d60bdf6a94f2bb9fc95ad303493b44db52,1.0
0x78f5feb5ae8249e04f9b2bc28a2f668146080e1a,1.0
0xdc818ae48ce5e69893b536c7b4cec8e39a88c370,1.0
0x50f5b387d517e3cf9df39d8a3dc3479dae7474d5,1.0
0x1b718240e2152976cd72843b9426465dff67a88b,1.0
0x8ef16b8f4940397fe5fd7546affabc9fadc4d453,1.0
0xc519027fff7024c613692685228a10318c6f7520,1.0
0x344cc3951b99b50671f5322a400ca095c4b21ea1,1.0
0xf14615ac4be339ca0ad9481551ac728a25af28d2,1.0
0xd9a8073f722a330c07f31b9ab9891f84811bee6f,1.0
0x7953b3f4309eebd590d1afce6945fc3840e23ccf,1.0
0xb9e4aba2c792afcf91637597ddab97a4bc420102,1.0
0x60389f28dd928e79f3db12552e12aec6852850af,1.0
0x53f84b5dde43cf5e5d6528e93d2a57279ea7fc39,1.0
0xd14f7354e162abf954ffb51477c29022ce111fa9,1.0
0x9224e1e8315b8e4795b904d8f596037d9d60944c,1.0
0x7d2195aa8b5361d10415ca8f06838ee2797709f0,1.0
0x305dd3ecd35616b5087f5df13e5f0640fba15104,1.0
0x7d1d15ee22b0a0cd2293bd0c055a34b27eacb2ce,1.0
0x7206c28672bb021007bdb3cf96fb8aa34a549f3c,1.0
0x9bea8d579a72785fd79d5356864ec002f02281a9,1.0
0xf96ae8f28c11ab85b780e92712c3ec8d494e86b9,1.0
0x0c89d815dd2495b0dde27fe764c8aebb78372f83,1.0
0xb02c1c9a9479e9cb7d0ba50492b9e79a0990b709,1.0
0xda3f3ad64a228586f6b079f8e93515eaf3251d4a,1.0
0x99842db50506d29dc389f32a532f5c208ffc2dd4,1.0
0xf58fe388d53e9542f0bddff2d1578b13675228fd,1.0
0x11e4bcfb41a481b73251850bc41cf09f34fb3cf0,1.0
0x67ea55f87d8fad6f33c546a7d20ab2b07a604559,1.0
0xa6ad264293de4674fb02a15fcff323abb06f0407,1.0
0x1eb0b2fbf6fcdafaab68c463e3ae974dea72fc4b,1.0
0xa725a2e7a4d072d8e0e30cbef4566b940b446038,1.0
0xcd6c048cf60e510ddc5332c5bf5cefd1a6d26d56,1.0
0xc2ea0584a6b5df8ad2c488a208b2f1ac25f4019f,1.0
0x6fde45093bafb385439945f0610fc9e1f17ba2c0,1.0
0x4d3dd8471a289e820aa9e2dc5f437c1b2e22f598,1.0
0x9d082bfca3a415900a41d01f9f1ca47879c9485d,1.0
0x51b07a947b3f3904268d7d512c037534eab8e495,1.0
0xacc8a706fa119511b8ddfa79d9970e1c69f5e377,1.0
0xca4cc39065a2128cc013a85054e17e18e8e453b3,1.0
0x8ef1c3823e25a7a18423563c807b581c68e1a080,1.0
0xdbeafb8e9571033fbdda605641b55c10e81f62a3,1.0
0x95e62cd9d253c2c7fbc3c47c55a85dadb8bf6d94,1.0
0x53832899415c7b539202d15eafa1722152d85304,1.0
0xf6794de888d9671f626d9bacfbb9771bb5b2ce22,1.0
0x7dd4640271b84f7d023946afb2b85e7964c21fa1,1.0
0x480b4d6f78bf2f95156b7ae35a8b31b4ed567a20,1.0
0xfc12cb9e81468e483b40d1d09c4219f9f430de09,1.0
0x28537d30dc4384bbd3b570c28bd60703bb15f2b7,1.0
0x23c14e77e980e8d90851c72678ec5f4255af7874,1.0
0x54ff27a8901fe22fca2937ebcfa8ae00c022a100,1.0
0x7afa3ae3bcfcfbf460ec7f52539d537ac8703321,1.0
0x51d2f5b9560ec39ab2954a330f502756e12043eb,1.0
0xdd1d1cb71683b3e362c687eefa573aa6cd51290f,1.0
0x742606c36817f6beb1ed806838e57217260df9f3,1.0
0x65e5d429fcb27ef4bb731cf4f051146d6a546074,1.0
0x808473ed7ec9fc0b896a01f3f84c2bc8ca9561a5,1.0
0x834f503029e81b862a1f46f9eb7b09cff7c09327,1.0
0xc907f6201c5b678987125db095a2ff9b57e8f002,1.0
0x9c53d3c8311e6c856208075ede9c7b6ededd8caf,1.0
0x19dd55c752c9c97dd3e29d243fab586914d69c28,1.0
0xf91416df670e03a8b52c41fc0944443a51d1db1f,1.0
0xc73ca270e6613ce58441a75f3853f0cf1b269b58,1.0
0x5b24da5123c531f2b73a8af81cec9682ed2babba,1.0
0x4b14c71289e0d8c8ef9210b8af254b1cf9d09bbc,1.0
0x5cab89453de582b3a38145cb06ded85e5941eb45,1.0
0x1fa6d728ada68e3be9e4bb14caf6a0334bd276e7,1.0
0x869c8a0e1d245b3cc930e15a3da5526d36988b5c,1.0
0x62b8a202f4667e517ed4bc9894fa406080f19633,1.0
0xd9b4c8663f6e83762937003af1859f776ddbf231,1.0
0x2ae589142ec4cb5b644bc760a5611d51213e894a,1.0
0x60c493b9d3dca31610c23b956b3288ca653a9988,1.0
0x777a2c14cf169abefc272c6c681adf6c0505d6bb,1.0
0xfdaef2c4c3666c15035ee4b3c071d772826e4715,1.0
0x1f3d97f37a8fea6f989216544b66f99946db978b,1.0
0x99ae5cf80683f67b5c09c1d6cb408f5b03ed4ceb,1.0
0xc88b8aecc71f3a16d43817aab0bea84fd05a2c3f,1.0
0x2f42323d90c29a53f8cc5ed2c85674e07fb252cd,1.0
0xf27aa87c718f271ed3d7e03b1f28bf60bddd72b0,1.0
0x674f357be1c16b6e7e29e1ecf3565fe876d7f5eb,1.0
0x16d2a3b064a7aeb3387218de836260d850ef6c1f,1.0
0x5659ede5fa37c7f17fa520cb23b5d3fc5fa3b272,1.0
0xc6c2c754560acdc222c8f6d69487d5d2ac33ed66,1.0
0x915df7674d3f740d3ab1d0699441779aac473d8f,1.0
0x0b5d7009775d171b5b8ab1da37a00039eb8d243b,1.0
0xd319a8760798f493a36cffe375b6c47095d2a285,1.0
0x2be78ea22deb3b237a3ffe4fd5163d1055cd364c,1.0
0xb844c9dc190a47f381e5fd26b1a45bd8282325c8,1.0
0x1216abe1028608b0eeaab0635f4c56635f1d69f0,1.0
0xf017edb729cbf95ce6e48aa0ba1d2d56fea84be4,1.0
0x81f89a3878638f497598d79c42f7f4935d0c6a61,1.0
0xe27a94268f5aa5b70748a38e58293cd993579a91,1.0
0x5d0de67f651a1e18c63db31e77b8973c9122f07f,1.0
0x040baa573b9dab3143425d7e0d11916961d385bf,1.0
0x82cfc7a685257f2fcc77b192187c4a39a2c076ca,1.0
0x62023d35d68f442b99f33b40621b915b30ef458d,1.0
0x319e9d431a402851ffac5e85874980572a151327,1.0
0x5107fe0caff3ec570b04c6ba27915bbf5e880da6,1.0
0x058d75339f9dca082a61fd13de62bc3e620d484f,1.0
0x156e3dfb146ff7baccffa23b8e83c2b4202949d7,1.0
0xdda22a49cb99df4771950a25423790eb50276f9b,1.0
0x1b7bad7732a37df7fd513b0d3a93994e472e6f91,1.0
0xcac58316cc1ea6767c79b892b0bf921c4f1fc82a,1.0
0x93ba6f45a07444e46ba37d870f85bf8b2611172d,1.0
0x13f13c15444e9d5b1c59ac8da75c9add12a0a393,1.0
0xb2e4eb63682ccbf08f9b176c4209991310de02f5,1.0
0x83a902b18d74661ae0deecb048baa81065ac6aca,1.0
0x52074c0374bbc43a68e0a476a845b6f0ddd411c5,1.0
0x7a9a1a4bbe0da993dd7ae984d8c6180a673cbecb,1.0
0x5a20d2477401d87df1884506d49f9d21316d0bb9,1.0
0xebc3d73ea3faf385a13fdb773e793f0780b9893e,1.0
0xeed62cf9b103fa42f69cc011efe6b1370d8631e6,1.0
0xcbcb59c0cb631c72dd9e422986aff831731ea930,1.0
0xd165c7fafba79cca453476fc2ee2458e8bf90755,1.0
0x0677f26a87248fb5d502ec983bad78155d98c47b,1.0
0x165107ce980edff38065261326354c3d6cd809e6,1.0
0x3db9a512cea8fcc3c45a207a06fe9d42e5c39249,1.0
0x4e19e84d53e35e1f52ebe71eca24e8156997153a,0.99996454524356503946
0xb464deec084abfc10551b673d04996b03c2af8ae,0.9999388899996429769
0x72760a0a42db20fdec00b13c2b602210cad872d1,0.99993699999966401126
0xdddaf65ee4b4f1e31db0b95b4c0774cab1c74963,0.99927482423453195537
0xe4d7e6a914c59beef753bfca3c1641fbe2aaea16,0.9989999999999999991
0xa53cb7e20f2ef81b189a711bb829179cc436376f,0.9470707473894646178
0x8c3435a67105d23f4b622805afc94b1450679bad,0.9000000000000000222
0x896b2797442e7066f2e46959a0b32398999fcc0d,0.8900000000000000133
0xc75236956105e161569cc800a1bccad4dde596b9,0.8000000000000000444
0x1283064bbff3868de999d21610005e98a273aadc,0.8000000000000000444
0x89fc6cba28dd4b7fefd57881114d43bd491e0eb2,0.6999999999999999556
0x12da2b9199d32660a55183bd5b59e87c172b04fb,0.6999999999999999556
0x795efb39797a0b6b209c4f21646b3b230547055f,0.5999999999999999778
0xcda0d6adcd0f1ccea6795f9b1f23a27ae643fe7c,0.5999999999999999778
0xb56d854959adb317ea814436657526196f17595c,0.5991999999999999549
0x173add8c7e4f7034e9ca41c5d2d8a0a986fd427e,0.5300595314170736261
0x473a1609a529054786211feee261a6457e1f8b42,0.5207000000000000517
0xbc2aed34255ac7acc8564548bed8a6f6b289c356,0.5
0x383c80ebe926365063e6c83cb2d92a3eaa480fac,0.5
0x5d92cde762835f384299a481789bae7a40a44b74,0.49953799999999998205
0xa9dc2eda78ff25213b289f23e1b87b2e92b358ec,0.46200000000000002176
0xbdf6d1e98822b716dc69c89cc336384eb403ab8b,0.46170308645705127049
0x3bde41aabddcfa6cdfa165687f073113f0432ed8,0.4500000000000000111
0x1f1ff1f7777095a42f29137764300709daed5d64,0.4000000000000000222
0x31a865e10cb612f4a5129651db11929c61f66835,0.2999999999999999889
0x57d81e4648b63b67819d6f866567a875dc4505a6,0.25
0x81d8abdbf8c7bce2e36895e4b13c56b9df0713dc,0.25
0xe22a7bfa94f621bc26d8e1be11a06c44a93e7051,0.25
0x727e8768151bd613896fb7d6b64d88a1843cbce1,0.2000000000000000111
0x3c30e7ee77168b518337bed6a247115151d059ed,0.2000000000000000111
0x7868b77583b4ee8c432cba6843aedd1b4a33d0a7,0.2000000000000000111
0x46e8df31c0e2d98b047e97013a395d868a1dccc5,0.2000000000000000111
0xed4fa8d56426014be44864eeb7d396c6606c41b7,0.2000000000000000111
0x06c0bda742f7a2487021b706b85f58c96c6a14dc,0.2000000000000000111
0xf7924172f99bf81aa9788b07061a7d930d8ae653,0.1995169999999999999
0x51b3a129ecfebc484ac2cdf727bae664c8bf8b55,0.18896879999999999233
0x53d7f83c1fc286c01602db65fc264fdf73648f58,0.14999999999999999445
0x1ca8d36018fb497e5d92b708bb2349f8b8b8cccd,0.14999999999999999445
0x595d8cde50ce11dada63c874d6f58fffe568cf31,0.14990000000000000546
0xeb2c8f9b298a5f20fededc2ed42ee18ced1cd90c,0.12081484000000000667
0xaf9cb4a50d8d7d989a958e8f15a0a3708e719bcb,0.110000000000000000555
0xdbe4a5ac1183cc1fffbc82eec1d270f70d8e0cf6,0.1062586664678558529
0xd75948c9e291cdb5117cfa2088f8aa47f0837b7e,0.10406875595605999396
0x0070ba949a6038b1abdb90af41ddc6a48626d7bf,0.10009999999999999454
0x41bf88d72e74e3009dc2bf37b3271daeab8fbe07,0.10000000000000000555
0x339fe985817cfb31bba761223e0eaecb11e277f3,0.10000000000000000555
0x06248ec763aa1aac3e02ff82e474364770ef3764,0.10000000000000000555
0xe369faf7cd822b826203e454f6555779872e10c4,0.10000000000000000555
0xb094654831d4c8123053642cf43b31e46c8cb4eb,0.10000000000000000555
0xa7cc2e2050a607c813437c1c074f82322cc0c8ae,0.10000000000000000555
0x92ff9579428b52482428c0bc68a51db188170297,0.10000000000000000555
0x92b813dce764a2b329c2bac008a5069402908656,0.10000000000000000555
0xe04ae3fda841868a9d9210db3a2f0ebd931aa0a8,0.10000000000000000555
0xaded8163b1353cfa0000c31c7a6471f538f2e248,0.10000000000000000555
0xb99ea1238d5022cdf4640238dc6e5d46f20e7998,0.10000000000000000555
0x8441e6ae36aa8fdc9cefd61ff3ac51d86e408885,0.10000000000000000555
0xa055c6304d10ff255143da01a58bfa8edaa5bb1a,0.10000000000000000555
0x132d248a92e1de7e4d1fb8dd4af2eca95dfe45c3,0.10000000000000000555
0x8a0cefe2a20d588efd7a01ef848e5694cec47a34,0.10000000000000000555
0x11de5e1c81e8c5fcab783f07dbeaabc3eb94ae8d,0.10000000000000000555
0xc130462c77dae2a5670afe4b1a6f3249cd64fb13,0.098572000000000006836
0x5bdb6ca456a4ff1b952a834d86be5f14ba969b5f,0.098527075491887119996
0xea2892504d3112997954049b0fdfb3c1c8f291e4,0.080000000000000001665
0x1b2bf5279b432521c7cf9ade869adfdaf34bc63d,0.074824229400599295836
0x2900a0358fdf393f004432f9a2f9a473ff3dd4ae,0.05999999999999999778
0x5eb9373f40edd37beea5271c4b3e81a022858d6e,0.055000000000000000278
0xc2a63c681c3446468db3f4b7b5d34831b4e424e8,0.050000000000000002776
0x85403c7da9f0f48ff77dcaa2d079ad61963fd08d,0.050000000000000002776
0x438aea9d9eb0480a9aa62765866b1bf1c6f41260,0.050000000000000002776
0x22ed870ff68f60640cc99411de1ec51418dbf627,0.050000000000000002776
0x1bb3cb1b3fb01c77bc0fd6e0c9f67a8e09995c65,0.050000000000000002776
0xace3692ce9e5f9912583b4c4f1d4831090df3407,0.049958000000000002405
0x5a01eee210be0782055cea5402905b9bcddf8350,0.049948340000000000793
0xc55364db64a637cee2926c97c27b08b0714d4c7d,0.04964090000000000169
0xcd587b361fee639ae18c8395d5badb374b855df4,0.049579999999999999072
0xc247080286e599858c618c6e12ac7c66ca2fe3d0,0.049579999999999999072
0xe400820f3d60d77a3ec8018d44366ed0d334f93c,0.048173000000000000542
0x48966e1d5d711df56140489f92736ac05d2035ca,0.046850000000000002753
0xe75bc51e653297bdee8bf82d095fac383135dc1a,0.04651399999999999979
0x677715ef229200b60dac3c47acd6cc3b4392bba3,0.04550599999999999784
0x8bceee9c7db5c0911aca92321812de6c74026d6c,0.043400000000000001077
0xa429a192b6eace7c9f4ba1e52330fab856078189,0.025000000000000001388
0x7856d0f27d9762a60a6ab143f5519c0d0d0ff8ce,0.021000000000000001305
0x48dcb6169fb2c5bceb56e03ab92b3561fc482c6c,0.020000000000000000416
0x0b3cbf6a6340a6c648d097e33088f08057bfec7c,0.020000000000000000416
0xebb8d31cc5c232f4b1c8fcd1b32f3057ff4d28dd,0.020000000000000000416
0x6e083c35092c7f95cd753b90672064d8854d09ba,0.020000000000000000416
0x0d0f74061105d40a447fdf98cbf068a4b4762218,0.020000000000000000416
0xeefa544f5e3ba887ee5098589b53bd8ac56cdf63,0.020000000000000000416
0xd2a8e0b0e0eec149c927a41f78c76450f14bda5e,0.020000000000000000416
0xc3839943f53ea0333eae9bbcf2fb44c8837af86c,0.020000000000000000416
0xaa7c2dfad3e889e023f94f02beb4682aacf5b3fa,0.020000000000000000416
0x4dcccf58c6573eb896250b0c9647a40c1673af44,0.019747999999663999604
0x84d803a41721a3229533b907f1973b4afd163ae4,0.016766283024004645374
0x580f0e5d26380a8e1b3b0784f6ffc0c4a7999001,0.016500000000000000777
0x7a4610e066bb86d1993b460b58e92859fd4b5de4,0.012420000000000000484
0x5caf336a823d76a040a30dfb892a3159fa05739d,0.011001000000000000362
0xf971661b08137749663dbd6dcf5840ef969493c7,0.010000000000000000208
0xd77e2c03d27781804a10dbc92eff2b41b86041bd,0.010000000000000000208
0x077725d623d49c6f3c9f63a6d7013f884f0fc9d8,0.010000000000000000208
0x98b335b3d2c0e31a353a754ae313688ec6c1c679,0.010000000000000000208
0x2c634bb4b694a47bb111d43ec34944bb8fe45f88,0.010000000000000000208
0x7fbef695e7a1e10f2d06f40c6dee53059701cd15,0.010000000000000000208
0x72b941b67571ccce29ecdc0227d13cae5e2bd4b5,0.010000000000000000208
0xcabc9a3f9a081c345691206a21f0c134bb666976,0.010000000000000000208
0xeb3a3af18e7606960e5f6e745424a1265a23c588,0.010000000000000000208
0x123b35778969159f933bf9091e640f972aedd648,0.010000000000000000208
0xa09b8c4a4f934ccf4f88e31880ab6c07b7b234b3,0.010000000000000000208
0x74121f258f7b1d6f63334f9555cc74921905156a,0.010000000000000000208
0xf2f9449deddb525cff4c5362704609b3dc8fc6c8,0.010000000000000000208
0xa3d4373987d1bd522153b6b5513106f8d7397117,0.010000000000000000208
0xa59116238eba626b04c6e2f177dc820533d24adb,0.010000000000000000208
0x59dfac54af1973d4dd1ba7f5d735f2eb3c44d09f,0.010000000000000000208
0x741f3f5bc5186ef17fa87801a4f24f3238e0d6aa,0.010000000000000000208
0xff0dfec4a6bfd7cdda2c28b8c5418ed5fab21b4b,0.010000000000000000208
0xe93197db01deecec64c5d7ce8772f9d157254641,0.009684465999999999214
0x0aec7e2115c2247ba8d831796d52beee294a028d,0.0068079999999999998156
0x4d181559c0b059e9fb24b6a42c9862463c2d0a46,0.0060665495807918079496
0x24c64f2d1b6fd9af1a992ee2d8eb864bde45232f,0.005000000000000000104
0x4ec254ad8a448b2773d816083efc5441a2fc8ea4,0.005000000000000000104
0xbebf4210b1740bfcbd3794c55fd7b9ab619ff939,0.00449999999999999966
0x77f53d03e09c5fcbb3055183207a68327c7f1428,0.0040597329754590927645
0xaf6e40bec67dc91de56db22f272d23cc2e60f4f8,0.0040000000000000000833
0xe95296cfd8730a81a39df49f1f7ab459a9006f61,0.0040000000000000000833
0x6b9bdeedd8f71e347d52c717844fad861b1748b6,0.0039726908786943265772
0x17b40bed761d118f859e5403bdace7e8a58b63bd,0.0029769048904581358814
0x6f78715467183fca5173efd6c2e1fee8d2e1f248,0.0020000000000000000416
0xfc0907eb4ebb6270374fccd63bec751075b0b3ef,0.0019510783154759320235
0x5796de3bf5c75c2420300fc8f341cad7a39beb40,0.0015000000000000000312
0x10d97adaad6267eb7bbe7975d87632da9e9c8473,0.0010420016164932239568
0xafefd0ee3f75add82a6fdf42c88401a8fe2ca8d5,0.0010200000000000000733
0x2b4757ec12264554e0043375dd9c0e5faa56a544,0.0010000000000000999843
0x3ff0b0906b158826b261c871219e8859e3c71107,0.0010000000000000000208
0x228ef241122fb107ad389530c2d1afa0cfbb6cc8,0.0010000000000000000208
0x9ee8d57c11a1b70fd4373e75b6e1d54c5cf458df,0.0010000000000000000208
0x53e4818dc5ef1b615e6fb9b76b1ade8530236a44,0.0010000000000000000208
0x5645b59b59b2a3db3dc48d44264214a2ba0b6700,0.0010000000000000000208
0xc3fee8bc1b64528e7d087980d2be0b9607048166,0.0010000000000000000208
0x766b604d628248aa79eb9317e1acd441ec7d7258,0.0010000000000000000208
0xd506fb416b0ad8dbf7859b9b38c435405e3d1110,0.0010000000000000000208
0x46ceaceb4f27730d2e8af450f1c2b1864690bda7,0.0010000000000000000208
0xba8ffceb17572bc0ce79f053041380b6519b2b4c,0.00059266249798121397544
0x8ca2a5093e50f993d30ecb6b336cd7bb44261aba,0.0005000000000000000104
0xe81256d559bb67e295ccccfd945e493cbf8504fa,0.00044200000000019999116
0x19577677da5d1e4b07ea62b4605706195ab923f6,0.00040000000000000001917
0xa76cf991900c9a4194180a3ae0c792aeb071e333,0.00020000000000000000958
0xa9df4928f2ed9f92a47845e01a07f759b9825414,0.00020000000000000000958
0x600afbcca775f2785fbf14005ab3fed8fe0d9fac,0.00010009999999999999367
0xebf33ff206b2a8c322f4ea803959de44cff90e1e,0.00010000000000000000479
0x9b85af39acb699adddb659fd9c499a0635132784,0.00010000000000000000479
0x5d369e9d00564dfbb7778a39ad70c2908d1200fb,0.00010000000000000000479
0xd6d40829e8f06301261cda7bb14a000bc9be0886,0.00010000000000000000479
0x5ade6bab191482da13300d26259375d639461f56,0.00010000000000000000479
0x403b9331a9935cf16108aa055ba636ef3a9f4b20,0.00010000000000000000479
0x00396df9201ac9cdae65e954af10d9822baec621,0.00010000000000000000479
0xc2820fdce9e8c295a23c242f5fb3424858e46f89,0.00010000000000000000479
0x1b1c0a8d2b158a1688c5a48e68c2c3a6f7ea6e9e,8.4244000000000001825e-05
0x1c4da33cef066dbf5889dc4c888e7a3f37cb5ac4,5.009999999999999805e-05
0xaa5ce79bfc453761b084a780044aff329f002538,3.301999999999999895e-05
0x20d2c4bff1ff747149fa6bdd631f7923cd60a1ee,1.2000000000000000304e-05
0x7ae4f7c978bd19e9976aba8bc3d4ef629e212afc,1.0000000000000000818e-05
0x45a842144b0d5752b805013d9b83e2a969785999,1.0000000000000000818e-05
0xf55934e1b5be3cd8b51b347bcb4c9eede52c3f29,3.000000000000000076e-06
0xb5f3a2238ff66ebaad97a169a255610433b2cfde,9.999999999999999547e-07
0x8edb89a3265247cca181b88f6a13dd6ab50805de,9.9999999999999995475e-08
0x03f6d455a3c3946d6d83c1408db87bcb17e80858,9.9999999999999995475e-08
0x4b94cb92494e2dbde7db5112651766ec83278e9a,9.9999999999999995475e-08
0x7147ddc4e2550a98d7ce89a241078173167de525,1.0000000000000000209e-08
0xa53a6fe2d8ad977ad926c485343ba39f32d3a3f6,1.00000000000000003643e-10
0x70997970c51812dc3a010c7d01b50e0d17dc79c8,4.200000000000000208e-16
0x110eae3ef426b8a3eb4cef43e7c189194e2ee480,3.9999999999999999164e-16
0x4106d57052bc83c22e7a2cd0ba67d99b3353d523,3.9999999999999999164e-16
0xe2089b1e01363575aca97fd29a2453c4aace6a32,3.9999999999999999164e-16
0x1dead43c7c8e9ff17dcf04f707d56345a941d513,3.9999999999999999164e-16
0x04e950c558322f0425b60edb5e527137f23c5e34,3.9999999999999999164e-16
0xb87bb8a70e368b459e1b4e4a113fe55f798126d1,2.9999999999999999373e-16
0x55b14da44d6df5e47725fb83875421a5e1dd230c,2.9999999999999999373e-16
0x9645e72f2471ae5d9edee41bccff399cac57df0e,2.9999999999999999373e-16
0xc5f86b3954bcf7448e1005c51a723caf70f595fa,2.9999999999999999373e-16
0x752d4b217d9c1995cc1cc29f1802d5aa76da35a7,2.100000000000000104e-16
0x90af4dca4d0dc6b1d7ba3458a265cd7e15c425c0,1.9999999999999999582e-16
0x73d759a244911c4944c2e7b53513eec47e9730f4,1.9999999999999999582e-16
0xc87f16e30dd920acc6f32d7b349fe36ddb06cff5,1.9999999999999999582e-16
0x5d706b4cbeb531bf764a619aaf55e7f61dc12414,1.9999999999999999582e-16
0x4fcbdab87af5d7ce215b30057cf63c470ae3024a,1.9999999999999999582e-16
0x6e1ae94810de8d10b4edb6bdd1bc6255bcc4ebd7,1.9999999999999999582e-16
0xd23d53300078a260703e3961c8430fd00b37d090,9.999999999999999791e-17
0x1cbd3b2770909d4e10f157cabc84c7264073c9ec,9.999999999999999791e-17
0x7c92f6e7aa3987d518865fe0ea91bb67eb57d789,9.999999999999999791e-17
0x929e69146f45f5cf79da23204c5c8e102c6c4254,9.999999999999999791e-17
0x2884351ac56e0c1ae0eed141362f63524c1a6362,9.999999999999999791e-17
0x5e6778b3100d1873ce8febac5ce93704fe7a4766,9.999999999999999791e-17
0xca9dbf266f6ec3b4f5b17bd77f45f6a8380e00ba,9.999999999999999791e-17
0x5dc259ef83598c52b4f362ac996afd1579182c17,9.999999999999999791e-17
0xd8e0e4f8060dfb5bb7087304032a2325ebdc52e9,9.999999999999999791e-17
0x431cac9748c5962db28cbcfc8b0753da13f07db0,9.999999999999999791e-17
0x057a8f9253949d2e6752161b0ad6ba6d28f37044,9.999999999999999791e-17
0xd0a7b61a6ee8d77893213818fadbd24ab6e5557a,9.999999999999999791e-17
0x9904f484495e2bcb2ff793ccf9ccbd45b05e74df,9.999999999999999791e-17
0xe53c20a3d84624ec4659a11405692b1132dbad24,9.999999999999999791e-17
0x80e61f9b3209a69ecbc5373738310cdd7f1ad529,9.999999999999999791e-17
0xc6d3d54a4bc1d3c4e105cdc9bab31c8e6420339e,9.999999999999999791e-17
0x6d16ee32341fe95cb9e85df959f15b93623ac430,9.999999999999999791e-17
0x551f52908a5a7f51ebff511421b703fc06e375e8,9.999999999999999791e-17
0x88448bbdea53481441332aafbdf7e849cfe20ec4,9.999999999999999791e-17
0x153d2a196dc8f1f6b9aa87241864b3e4d4fec170,9.999999999999999791e-17
0x2266690695d80bfaac507526728241a6c0e209ec,9.999999999999999791e-17
0x3798cc5ba71c9f3af1a99a318fdbb2c4ad89a419,9.999999999999999791e-17
0x1b29e6365cdf0aaf70c346a33bc5848397db5951,9.999999999999999791e-17
0x475a0d4bb29fc0b51d1bdb9083d824c937ba6762,9.999999999999999791e-17
0xfb61385b16b0346690d0946d80d6db2e8ee1f970,9.999999999999999791e-17
0x17dc95f9052f86ed576af55b018360f853e19ac2,9.999999999999999791e-17
0x1eab294975e03d1ce4dbc51c06fb9dffa99c92f2,9.999999999999999791e-17
0x73568c335b4e5a0bc08625b860ccad55f26ff821,9.999999999999999791e-17
0x2cacf36730b27064e10435186e31b911e3a13906,9.999999999999999791e-17
0xdb551746366718ab8a0a235e26e74f462e153b5a,9.999999999999999791e-17
0xa6a728f6223304d072852dc4d2be4b999bb7295e,9.999999999999999791e-17
0x5883333dcf5ea3171392d5d0b495aa7b87ef2292,9.999999999999999791e-17
0x0525216c6c3cec9eba002c2dfcb6d05a00c9a979,4.9999999999999998955e-17
0x1fe073607e8947fbafdbc688435bdc752ee0163f,0.0
0x9b3eb6079e9bcd66ec99b00d25fa8bbfbafd683e,0.0
0xc817c390e009114686d35765fb8acff44f267976,0.0
0xc10f532d0eef0449227cb0c357547c7a2cdfe8f6,0.0
0xe67d3b0bdfd1d853fbce6c0898b464e332a67b18,0.0
0xce5f31bfbab25ac0ad08d2bb12267670640f6287,0.0
0xa1c9e50ff71bb0ae6421b4c26a5777558261e392,0.0
0xa9361ae940fd92909b75ac529d5b8ff6429f3d5d,0.0
0x4bf7b4696aff52f5b7fd5c929cf8e401ba03c4f3,0.0
0x8a2c5fe40e8c312db34cbd0f208b759574cb436a,0.0
0x4e61548d94c8649ebfc2f5f54d2272fcbc687bf2,0.0
0x2ac46b30e49d2ed7772aa25cb4f7c375ce552de6,0.0
0x7f5690d248c27cb6c2d93f94c44e968de39723d5,0.0
0xa19da6750a1d669aa63397f66ef53c6f7a269ce5,0.0
0x1919c1b8df0e06cd1a1d943b056c72a646568680,0.0
0xd3222f01b4154528ceC2807D99385d0fA4473A31,0.0
0x6e46dfbf1309727636cc4474501cabc94e550093,0.0
0xc45eb77421eb50d11099672e3a1d1d31e1e081f6,0.0
0xbb54599fd5bcb34ab1f3be9a69c84f06e80663c9,0.0
0x2b4617259035726a49ebf58b89438d1a7fa78ca0,0.0
0x6B3751c5b04Aa818EA90115AA06a4D9A36A16f02,0.0
0x101ae3d34e3c177905a1ae03d202e54daa5b339f,0.0
0xd88b8259c7ffc710e53af70a4b85bea798f1f704,0.0
0x41e74ff1fbc178179759820bb11d68f70c9feeb9,0.0
0x7bd7da4b393a473d95ee3b2b187f9be3157afa89,0.0
0xa326a017767443ea5fb8021f2904be7609c34adc,0.0
0xbc11370b0a542bd99c72976a0638ba34fb204928,0.0
0xa8971257a2f7152c9fe37e118e567bb9072c609f,0.0
0x70aab16500197ae8b8884dff67ba080a1da37754,0.0
0xc070f772e2a79950975eb18f3b8edd21e6a8de24,0.0
0x64f3b48733b268ca9ef319b6cbdf1b00e411c39d,0.0
0x3aedbc38b51ba03cc3797eadc6a76fe2827c8770,0.0
0x63e33447838b9025e5cfdb35d4acc12a38342614,0.0
0xd0fcd113b4c498281d6f43b17cbf09103be6b1f6,0.0
0xe2B3e0c5a09aC402275F8AB07B63dE843D5ADED9,0.0
0x39b8786cc4a1d938cc226d12963db852f3a841a6,0.0
0x6fb3d7f98fa69a9a52053c7a4dfd94ee47376104,0.0
0x60b86d39f7a7c55eb0b3b65a13182886ea1a31df,0.0
0x66194974a41702917dbcc61fe315c7478cd5a84a,0.0
0xfa06a073b7e114c53885fed16617bfc2839f2814,0.0
0xfcf7372c0a1ad79e92d308b3f0a5499dabe3e7e4,0.0
0xBB5c1bB68461548B7287a62c660Ef967c96933A5,0.0
0xd2cce0d7270592ea2cbc11833a0a4fd184ec0653,0.0
0x537df729085d26ec89d0f503fdb52650ecec0bb4,0.0
0xd9ba01fd9b3c9523094ffc476ef59181587ca267,0.0
0xb5d51c811c5494430c340e7fb2412bbcf757f75b,0.0
0x0fee9837e1b73d5552d3a6c4b4c1be12e4d55449,0.0
0x218265c5b1bb4ff7cb5ad4e9bf67e8d15f33524d,0.0
0x4fdbc202242839c06a14179ad04547d75059ab8d,0.0
0xe3ab185b869745dba54e434592747f0f668860aa,0.0
0xb6291676ba9c8f2a8744311857550d6a4fa09b63,0.0
0x166c45fde8dd671b16008e14b505a263c50ce736,0.0
0x2367779d6dbf5c01a16a6a2c8fcbbcf47f23de91,0.0
0xefbc53e0afdc9f649bc1ab692461df57e70a560f,0.0
0x6d350933142be29a44d23a7d8a04f557717e26de,0.0
0x64dac40243cc1171e73533e4b75aeca296eae0a3,0.0
0x472ad01f53deac684c2eb7ed18cf8a32a625616d,0.0
0x3e8992f8febaf9f205c36f0ebf6bedf42af99165,0.0
0xc4c169e830c9d416ea15feac59adaf67a2c58b94,0.0
0x918bb40d4866c291c9eff1c40fe8f005582b075b,0.0
0x52e34da63131a2381d3371ba89ec4df7d72aec3e,0.0
0xf2caf78851f14fb8a65973f5da915eec6284395a,0.0
0xe37265f4d5a68ae596ece9252aff790b43af76f8,0.0
0x92680225739060c3244af184a9b77b3fbee8e2cc,0.0
0xa8edafcfc815888fde79f0448f203180c9215549,0.0
0x5048bd8dbbc99b537650929654268a1a430f50de,0.0
0x71f88b878bda970d2d81a39b4694d750a5fcb83e,0.0
0x8516e9326f2058b95ed9a6433d11dec9f3ea3c94,0.0
0xdfc09aaf3bdfd5f93376d27b9bb6b3f85a90562e,0.0
0xf818e21d802ed0c5ccd7147d7b63a7466af84925,0.0
0x983907410272c502fdb12506d313f6ddabdc3c6f,0.0
0x0d4d64380c14c8cf43cc5a6cbf02862a8ed2847b,0.0
0x8e2117ca8def42d993f19f0da659939375c201f1,0.0
0x4c259ee9e69d4d79e7db7a11f4600474e5dfce2a,0.0
0x094da4a75c31995b325311f6986109256fb62234,0.0
0x088472a5071490e54844adb8f9e2b8985cb1ab5f,0.0
0x1618a0e57f2146fdab7427753f1577ce10048fed,0.0
0x7f8e3f0fa7eea2df907c04eb5696e3a0666a56d2,0.0
0xada4457542ea8473500f2293948a11e409156e38,0.0
0x2261b4e408ce2d4d7b341103c77ed32f39524605,0.0
0xc2938f7a155b9047dd2866e373f2f4b663a2cce3,0.0
0x62cfc31f574f8ec9719d719709bcce9866becacd,0.0
0x4498c4159d6dd2768316a547be6d65406b3cc358,0.0
0xb903039b64ac1ac8acd4c533ae06bb7c0df94b3b,0.0
0x8dc2d0a7747abc6fce2b3581c7c0593374059b59,0.0
0x48fbbeab6d9ff085f9611fdcbd2835109cde6bdf,0.0
0x10583c3da99f7e980f58a778aed174ddda2a4812,0.0
0x34fa67e4a229a9e8d264000973b916fab573a28e,0.0
0x6c5dffc002030203c722c74497b5348eea54944c,0.0
0x024dcd278b57232c8c166045b7e97b8e942370b5,0.0
0xc4c2c58c62fd712a4209a17c54e48056d522c391,0.0
0x030a806c9d2b7644df56cbef2d9bddcecd6b239e,0.0
0xa0d9361c7179c88bf707fd6b606a1855fe57559a,0.0
0x686efd67d15eb6fd7da8b1f178a55d052ad5dd69,0.0
0x83a97dec9ffda23e7e1e52c8311672632da95f90,0.0
0x7d11ad7af1d361d303ffdda0b2048c304e777203,0.0
0xe45677b862f4ad9530d3c806d3a25fa1e80f2df2,0.0
0x69b5b2b2cd11db8c7ea7f9f042f39423497b8efa,0.0
0xaa8b9f5a3d7e3ffe773f6ca081370aedb7c5e0e7,0.0
0x4b1ec19beac9c7542d0055a1527c3bb9c276ecd2,0.0
0x7ac9c9135de57041095103d2aa8b5be31b9aa415,0.0
0xc8750f03607c249e00de6e5b0cfb519599ab56d1,0.0
0x1b2921b00bb43f4fb63381d6715b8717c1ca5729,0.0
0x1cb3271c037a0e0aca248c54d02b88adb8bd667c,0.0
0x2727c70a2c746294a659c641bc3ad8f878339e4d,0.0
0x214c8ece4233dc3c99366d68cfa0c3900a448706,0.0
